subreddit,subreddit
GirlGamers
,anarchy,0.08262943
,10cloverfieldlane,Subreddit name not recognized by the word2vec model
,fordranger,Subreddit name not recognized by the word2vec model
,malegrooming,Subreddit name not recognized by the word2vec model
,Gaming4Gamers,0.71438324
,funvids,Subreddit name not recognized by the word2vec model
,MakeupAddicts,0.26119825
,wacom,0.14222756
,BigBoobsGW,0.2064546
,rosendahl,Subreddit name not recognized by the word2vec model
,DowntonAbbey,0.08569457
,dailycomics,Subreddit name not recognized by the word2vec model
,KerbalAcademy,0.06995848
,IndustrialPharmacy,0.027675
,devilian,Subreddit name not recognized by the word2vec model
,SaraJUnderwood,0.19702797
,CuckoldPersonals,0.2774487
,cigars,0.04990585
,circlebroke,Subreddit name not recognized by the word2vec model
,cokiethedog,Subreddit name not recognized by the word2vec model
,waterloo,0.15074345
,selfpublish,Subreddit name not recognized by the word2vec model
,MoviePosterPorn,0.353904
,BigLawInsider,0.10799851
,swordartonline,Subreddit name not recognized by the word2vec model
,Skullgirls,Subreddit name not recognized by the word2vec model
,lovegaymale,Subreddit name not recognized by the word2vec model
,rocksmith,Subreddit name not recognized by the word2vec model
,MarkisadorALog,0.14136077
,GayChubs,0.26235956
,Dota2Betting,0.31750447
,ButtsAndBareFeet,0.27295595
,pcgamingtechsupport,Subreddit name not recognized by the word2vec model
,Playboy,0.24171704
,Bikeporn,Subreddit name not recognized by the word2vec model
,ImagesOfGeorgia,0.16963267
,chicagojobs,Subreddit name not recognized by the word2vec model
,microgrowery,Subreddit name not recognized by the word2vec model
,PublicFreakout,0.20196843
,TradCatKnight,0.2893004
,TOR,0.08950895
,okearthquakes,Subreddit name not recognized by the word2vec model
,macmartf,Subreddit name not recognized by the word2vec model
,roosterteeth,Subreddit name not recognized by the word2vec model
,nsfw_wtf,Subreddit name not recognized by the word2vec model
,OSU,0.099953674
,TechNewsToday,0.11403648
,officialmiami,Subreddit name not recognized by the word2vec model
,VinesauceVidyas,Subreddit name not recognized by the word2vec model
anarchy
,GirlGamers,0.08262943
,10cloverfieldlane,Subreddit name not recognized by the word2vec model
,fordranger,Subreddit name not recognized by the word2vec model
,malegrooming,Subreddit name not recognized by the word2vec model
,Gaming4Gamers,0.094389185
,funvids,Subreddit name not recognized by the word2vec model
,MakeupAddicts,0.11755459
,wacom,0.025897793
,BigBoobsGW,-0.00524096
,rosendahl,Subreddit name not recognized by the word2vec model
,DowntonAbbey,0.03740888
,dailycomics,Subreddit name not recognized by the word2vec model
,KerbalAcademy,0.060687736
,IndustrialPharmacy,0.04610782
,devilian,Subreddit name not recognized by the word2vec model
,SaraJUnderwood,0.027800221
,CuckoldPersonals,0.10630757
,cigars,0.01628727
,circlebroke,Subreddit name not recognized by the word2vec model
,cokiethedog,Subreddit name not recognized by the word2vec model
,waterloo,0.21047226
,selfpublish,Subreddit name not recognized by the word2vec model
,MoviePosterPorn,0.09651123
,BigLawInsider,0.1477255
,swordartonline,Subreddit name not recognized by the word2vec model
,Skullgirls,Subreddit name not recognized by the word2vec model
,lovegaymale,Subreddit name not recognized by the word2vec model
,rocksmith,Subreddit name not recognized by the word2vec model
,MarkisadorALog,0.08038708
,GayChubs,0.06148781
,Dota2Betting,0.076210506
,ButtsAndBareFeet,0.02299006
,pcgamingtechsupport,Subreddit name not recognized by the word2vec model
,Playboy,0.16941944
,Bikeporn,Subreddit name not recognized by the word2vec model
,ImagesOfGeorgia,0.07270126
,chicagojobs,Subreddit name not recognized by the word2vec model
,microgrowery,Subreddit name not recognized by the word2vec model
,PublicFreakout,0.1224957
,TradCatKnight,0.032479532
,TOR,-0.055048443
,okearthquakes,Subreddit name not recognized by the word2vec model
,macmartf,Subreddit name not recognized by the word2vec model
,roosterteeth,Subreddit name not recognized by the word2vec model
,nsfw_wtf,Subreddit name not recognized by the word2vec model
,OSU,-0.013535909
,TechNewsToday,0.027637776
,officialmiami,Subreddit name not recognized by the word2vec model
,VinesauceVidyas,Subreddit name not recognized by the word2vec model
10cloverfieldlane
fordranger
malegrooming
Gaming4Gamers
,GirlGamers,0.71438324
,anarchy,0.094389185
,10cloverfieldlane,Subreddit name not recognized by the word2vec model
,fordranger,Subreddit name not recognized by the word2vec model
,malegrooming,Subreddit name not recognized by the word2vec model
,funvids,Subreddit name not recognized by the word2vec model
,MakeupAddicts,0.28972715
,wacom,0.21005642
,BigBoobsGW,0.08089431
,rosendahl,Subreddit name not recognized by the word2vec model
,DowntonAbbey,0.024345597
,dailycomics,Subreddit name not recognized by the word2vec model
,KerbalAcademy,0.011403259
,IndustrialPharmacy,0.007261686
,devilian,Subreddit name not recognized by the word2vec model
,SaraJUnderwood,0.028469095
,CuckoldPersonals,0.1944187
,cigars,0.09209445
,circlebroke,Subreddit name not recognized by the word2vec model
,cokiethedog,Subreddit name not recognized by the word2vec model
,waterloo,0.101852655
,selfpublish,Subreddit name not recognized by the word2vec model
,MoviePosterPorn,0.20937192
,BigLawInsider,0.124484
,swordartonline,Subreddit name not recognized by the word2vec model
,Skullgirls,Subreddit name not recognized by the word2vec model
,lovegaymale,Subreddit name not recognized by the word2vec model
,rocksmith,Subreddit name not recognized by the word2vec model
,MarkisadorALog,0.04985309
,GayChubs,0.11730757
,Dota2Betting,0.36934894
,ButtsAndBareFeet,0.051622286
,pcgamingtechsupport,Subreddit name not recognized by the word2vec model
,Playboy,0.16158402
,Bikeporn,Subreddit name not recognized by the word2vec model
,ImagesOfGeorgia,0.11794699
,chicagojobs,Subreddit name not recognized by the word2vec model
,microgrowery,Subreddit name not recognized by the word2vec model
,PublicFreakout,0.057858653
,TradCatKnight,0.1059096
,TOR,0.063883826
,okearthquakes,Subreddit name not recognized by the word2vec model
,macmartf,Subreddit name not recognized by the word2vec model
,roosterteeth,Subreddit name not recognized by the word2vec model
,nsfw_wtf,Subreddit name not recognized by the word2vec model
,OSU,0.023558632
,TechNewsToday,0.108297326
,officialmiami,Subreddit name not recognized by the word2vec model
,VinesauceVidyas,Subreddit name not recognized by the word2vec model
funvids
MakeupAddicts
,GirlGamers,0.26119825
,anarchy,0.11755459
,10cloverfieldlane,Subreddit name not recognized by the word2vec model
,fordranger,Subreddit name not recognized by the word2vec model
,malegrooming,Subreddit name not recognized by the word2vec model
,Gaming4Gamers,0.28972715
,funvids,Subreddit name not recognized by the word2vec model
,wacom,0.18911028
,BigBoobsGW,0.1626547
,rosendahl,Subreddit name not recognized by the word2vec model
,DowntonAbbey,0.058778714
,dailycomics,Subreddit name not recognized by the word2vec model
,KerbalAcademy,0.14959691
,IndustrialPharmacy,0.12905855
,devilian,Subreddit name not recognized by the word2vec model
,SaraJUnderwood,0.11563947
,CuckoldPersonals,0.17146757
,cigars,0.14761545
,circlebroke,Subreddit name not recognized by the word2vec model
,cokiethedog,Subreddit name not recognized by the word2vec model
,waterloo,0.060512677
,selfpublish,Subreddit name not recognized by the word2vec model
,MoviePosterPorn,0.257008
,BigLawInsider,0.17998435
,swordartonline,Subreddit name not recognized by the word2vec model
,Skullgirls,Subreddit name not recognized by the word2vec model
,lovegaymale,Subreddit name not recognized by the word2vec model
,rocksmith,Subreddit name not recognized by the word2vec model
,MarkisadorALog,0.004649766
,GayChubs,0.08099804
,Dota2Betting,0.15446568
,ButtsAndBareFeet,0.10176997
,pcgamingtechsupport,Subreddit name not recognized by the word2vec model
,Playboy,0.17450874
,Bikeporn,Subreddit name not recognized by the word2vec model
,ImagesOfGeorgia,0.15992111
,chicagojobs,Subreddit name not recognized by the word2vec model
,microgrowery,Subreddit name not recognized by the word2vec model
,PublicFreakout,0.109223254
,TradCatKnight,0.09648462
,TOR,0.045979895
,okearthquakes,Subreddit name not recognized by the word2vec model
,macmartf,Subreddit name not recognized by the word2vec model
,roosterteeth,Subreddit name not recognized by the word2vec model
,nsfw_wtf,Subreddit name not recognized by the word2vec model
,OSU,0.0019536242
,TechNewsToday,0.1151376
,officialmiami,Subreddit name not recognized by the word2vec model
,VinesauceVidyas,Subreddit name not recognized by the word2vec model
wacom
,GirlGamers,0.14222756
,anarchy,0.025897793
,10cloverfieldlane,Subreddit name not recognized by the word2vec model
,fordranger,Subreddit name not recognized by the word2vec model
,malegrooming,Subreddit name not recognized by the word2vec model
,Gaming4Gamers,0.21005642
,funvids,Subreddit name not recognized by the word2vec model
,MakeupAddicts,0.18911028
,BigBoobsGW,0.12944381
,rosendahl,Subreddit name not recognized by the word2vec model
,DowntonAbbey,0.052889794
,dailycomics,Subreddit name not recognized by the word2vec model
,KerbalAcademy,-0.06172686
,IndustrialPharmacy,0.03007742
,devilian,Subreddit name not recognized by the word2vec model
,SaraJUnderwood,-0.014291951
,CuckoldPersonals,0.110654436
,cigars,0.0547192
,circlebroke,Subreddit name not recognized by the word2vec model
,cokiethedog,Subreddit name not recognized by the word2vec model
,waterloo,0.15033045
,selfpublish,Subreddit name not recognized by the word2vec model
,MoviePosterPorn,0.18325898
,BigLawInsider,0.07361942
,swordartonline,Subreddit name not recognized by the word2vec model
,Skullgirls,Subreddit name not recognized by the word2vec model
,lovegaymale,Subreddit name not recognized by the word2vec model
,rocksmith,Subreddit name not recognized by the word2vec model
,MarkisadorALog,0.16021039
,GayChubs,0.046853945
,Dota2Betting,0.11753963
,ButtsAndBareFeet,0.043660827
,pcgamingtechsupport,Subreddit name not recognized by the word2vec model
,Playboy,0.016926672
,Bikeporn,Subreddit name not recognized by the word2vec model
,ImagesOfGeorgia,0.09236843
,chicagojobs,Subreddit name not recognized by the word2vec model
,microgrowery,Subreddit name not recognized by the word2vec model
,PublicFreakout,0.08490613
,TradCatKnight,0.039567407
,TOR,0.124395914
,okearthquakes,Subreddit name not recognized by the word2vec model
,macmartf,Subreddit name not recognized by the word2vec model
,roosterteeth,Subreddit name not recognized by the word2vec model
,nsfw_wtf,Subreddit name not recognized by the word2vec model
,OSU,0.10179064
,TechNewsToday,0.04889092
,officialmiami,Subreddit name not recognized by the word2vec model
,VinesauceVidyas,Subreddit name not recognized by the word2vec model
BigBoobsGW
,GirlGamers,0.2064546
,anarchy,-0.00524096
,10cloverfieldlane,Subreddit name not recognized by the word2vec model
,fordranger,Subreddit name not recognized by the word2vec model
,malegrooming,Subreddit name not recognized by the word2vec model
,Gaming4Gamers,0.08089431
,funvids,Subreddit name not recognized by the word2vec model
,MakeupAddicts,0.1626547
,wacom,0.12944381
,rosendahl,Subreddit name not recognized by the word2vec model
,DowntonAbbey,0.09901851
,dailycomics,Subreddit name not recognized by the word2vec model
,KerbalAcademy,-0.009759286
,IndustrialPharmacy,0.10076876
,devilian,Subreddit name not recognized by the word2vec model
,SaraJUnderwood,0.43674222
,CuckoldPersonals,0.17759663
,cigars,0.12981512
,circlebroke,Subreddit name not recognized by the word2vec model
,cokiethedog,Subreddit name not recognized by the word2vec model
,waterloo,0.09812464
,selfpublish,Subreddit name not recognized by the word2vec model
,MoviePosterPorn,0.38744283
,BigLawInsider,0.29430985
,swordartonline,Subreddit name not recognized by the word2vec model
,Skullgirls,Subreddit name not recognized by the word2vec model
,lovegaymale,Subreddit name not recognized by the word2vec model
,rocksmith,Subreddit name not recognized by the word2vec model
,MarkisadorALog,0.17481965
,GayChubs,0.32003888
,Dota2Betting,0.21810423
,ButtsAndBareFeet,0.3140186
,pcgamingtechsupport,Subreddit name not recognized by the word2vec model
,Playboy,0.14199097
,Bikeporn,Subreddit name not recognized by the word2vec model
,ImagesOfGeorgia,0.053792972
,chicagojobs,Subreddit name not recognized by the word2vec model
,microgrowery,Subreddit name not recognized by the word2vec model
,PublicFreakout,0.21428697
,TradCatKnight,0.29195333
,TOR,0.5411036
,okearthquakes,Subreddit name not recognized by the word2vec model
,macmartf,Subreddit name not recognized by the word2vec model
,roosterteeth,Subreddit name not recognized by the word2vec model
,nsfw_wtf,Subreddit name not recognized by the word2vec model
,OSU,0.5947398
,TechNewsToday,0.14868891
,officialmiami,Subreddit name not recognized by the word2vec model
,VinesauceVidyas,Subreddit name not recognized by the word2vec model
rosendahl
DowntonAbbey
,GirlGamers,0.08569457
,anarchy,0.03740888
,10cloverfieldlane,Subreddit name not recognized by the word2vec model
,fordranger,Subreddit name not recognized by the word2vec model
,malegrooming,Subreddit name not recognized by the word2vec model
,Gaming4Gamers,0.024345597
,funvids,Subreddit name not recognized by the word2vec model
,MakeupAddicts,0.058778714
,wacom,0.052889794
,BigBoobsGW,0.09901851
,rosendahl,Subreddit name not recognized by the word2vec model
,dailycomics,Subreddit name not recognized by the word2vec model
,KerbalAcademy,0.19552822
,IndustrialPharmacy,0.115178086
,devilian,Subreddit name not recognized by the word2vec model
,SaraJUnderwood,0.22159196
,CuckoldPersonals,0.052731067
,cigars,0.050080378
,circlebroke,Subreddit name not recognized by the word2vec model
,cokiethedog,Subreddit name not recognized by the word2vec model
,waterloo,0.083276264
,selfpublish,Subreddit name not recognized by the word2vec model
,MoviePosterPorn,0.10477818
,BigLawInsider,0.08847813
,swordartonline,Subreddit name not recognized by the word2vec model
,Skullgirls,Subreddit name not recognized by the word2vec model
,lovegaymale,Subreddit name not recognized by the word2vec model
,rocksmith,Subreddit name not recognized by the word2vec model
,MarkisadorALog,0.14438382
,GayChubs,0.1202025
,Dota2Betting,0.09675354
,ButtsAndBareFeet,0.23476356
,pcgamingtechsupport,Subreddit name not recognized by the word2vec model
,Playboy,0.053891085
,Bikeporn,Subreddit name not recognized by the word2vec model
,ImagesOfGeorgia,0.0040053725
,chicagojobs,Subreddit name not recognized by the word2vec model
,microgrowery,Subreddit name not recognized by the word2vec model
,PublicFreakout,0.1425624
,TradCatKnight,0.25308436
,TOR,0.057281304
,okearthquakes,Subreddit name not recognized by the word2vec model
,macmartf,Subreddit name not recognized by the word2vec model
,roosterteeth,Subreddit name not recognized by the word2vec model
,nsfw_wtf,Subreddit name not recognized by the word2vec model
,OSU,0.087223336
,TechNewsToday,0.0031073755
,officialmiami,Subreddit name not recognized by the word2vec model
,VinesauceVidyas,Subreddit name not recognized by the word2vec model
dailycomics
KerbalAcademy
,GirlGamers,0.06995848
,anarchy,0.060687736
,10cloverfieldlane,Subreddit name not recognized by the word2vec model
,fordranger,Subreddit name not recognized by the word2vec model
,malegrooming,Subreddit name not recognized by the word2vec model
,Gaming4Gamers,0.011403259
,funvids,Subreddit name not recognized by the word2vec model
,MakeupAddicts,0.14959691
,wacom,-0.06172686
,BigBoobsGW,-0.009759286
,rosendahl,Subreddit name not recognized by the word2vec model
,DowntonAbbey,0.19552822
,dailycomics,Subreddit name not recognized by the word2vec model
,IndustrialPharmacy,0.19658586
,devilian,Subreddit name not recognized by the word2vec model
,SaraJUnderwood,0.13001348
,CuckoldPersonals,-0.12203396
,cigars,-0.028372865
,circlebroke,Subreddit name not recognized by the word2vec model
,cokiethedog,Subreddit name not recognized by the word2vec model
,waterloo,0.040848926
,selfpublish,Subreddit name not recognized by the word2vec model
,MoviePosterPorn,0.12134153
,BigLawInsider,-0.032440126
,swordartonline,Subreddit name not recognized by the word2vec model
,Skullgirls,Subreddit name not recognized by the word2vec model
,lovegaymale,Subreddit name not recognized by the word2vec model
,rocksmith,Subreddit name not recognized by the word2vec model
,MarkisadorALog,0.11174813
,GayChubs,-0.029053487
,Dota2Betting,0.069630876
,ButtsAndBareFeet,0.0832258
,pcgamingtechsupport,Subreddit name not recognized by the word2vec model
,Playboy,0.03733685
,Bikeporn,Subreddit name not recognized by the word2vec model
,ImagesOfGeorgia,0.08038252
,chicagojobs,Subreddit name not recognized by the word2vec model
,microgrowery,Subreddit name not recognized by the word2vec model
,PublicFreakout,0.08869016
,TradCatKnight,0.035273366
,TOR,0.023284316
,okearthquakes,Subreddit name not recognized by the word2vec model
,macmartf,Subreddit name not recognized by the word2vec model
,roosterteeth,Subreddit name not recognized by the word2vec model
,nsfw_wtf,Subreddit name not recognized by the word2vec model
,OSU,0.024403203
,TechNewsToday,0.10951638
,officialmiami,Subreddit name not recognized by the word2vec model
,VinesauceVidyas,Subreddit name not recognized by the word2vec model
IndustrialPharmacy
,GirlGamers,0.027675
,anarchy,0.04610782
,10cloverfieldlane,Subreddit name not recognized by the word2vec model
,fordranger,Subreddit name not recognized by the word2vec model
,malegrooming,Subreddit name not recognized by the word2vec model
,Gaming4Gamers,0.007261686
,funvids,Subreddit name not recognized by the word2vec model
,MakeupAddicts,0.12905855
,wacom,0.03007742
,BigBoobsGW,0.10076876
,rosendahl,Subreddit name not recognized by the word2vec model
,DowntonAbbey,0.115178086
,dailycomics,Subreddit name not recognized by the word2vec model
,KerbalAcademy,0.19658586
,devilian,Subreddit name not recognized by the word2vec model
,SaraJUnderwood,0.19470304
,CuckoldPersonals,-0.036974348
,cigars,0.07781945
,circlebroke,Subreddit name not recognized by the word2vec model
,cokiethedog,Subreddit name not recognized by the word2vec model
,waterloo,0.040606476
,selfpublish,Subreddit name not recognized by the word2vec model
,MoviePosterPorn,0.2162256
,BigLawInsider,0.067411594
,swordartonline,Subreddit name not recognized by the word2vec model
,Skullgirls,Subreddit name not recognized by the word2vec model
,lovegaymale,Subreddit name not recognized by the word2vec model
,rocksmith,Subreddit name not recognized by the word2vec model
,MarkisadorALog,0.08595337
,GayChubs,0.07524295
,Dota2Betting,0.06694931
,ButtsAndBareFeet,0.06180376
,pcgamingtechsupport,Subreddit name not recognized by the word2vec model
,Playboy,-0.017908156
,Bikeporn,Subreddit name not recognized by the word2vec model
,ImagesOfGeorgia,0.0117498785
,chicagojobs,Subreddit name not recognized by the word2vec model
,microgrowery,Subreddit name not recognized by the word2vec model
,PublicFreakout,0.30798832
,TradCatKnight,0.11786078
,TOR,0.15218538
,okearthquakes,Subreddit name not recognized by the word2vec model
,macmartf,Subreddit name not recognized by the word2vec model
,roosterteeth,Subreddit name not recognized by the word2vec model
,nsfw_wtf,Subreddit name not recognized by the word2vec model
,OSU,0.12277213
,TechNewsToday,0.26827282
,officialmiami,Subreddit name not recognized by the word2vec model
,VinesauceVidyas,Subreddit name not recognized by the word2vec model
devilian
SaraJUnderwood
,GirlGamers,0.19702797
,anarchy,0.027800221
,10cloverfieldlane,Subreddit name not recognized by the word2vec model
,fordranger,Subreddit name not recognized by the word2vec model
,malegrooming,Subreddit name not recognized by the word2vec model
,Gaming4Gamers,0.028469095
,funvids,Subreddit name not recognized by the word2vec model
,MakeupAddicts,0.11563947
,wacom,-0.014291951
,BigBoobsGW,0.43674222
,rosendahl,Subreddit name not recognized by the word2vec model
,DowntonAbbey,0.22159196
,dailycomics,Subreddit name not recognized by the word2vec model
,KerbalAcademy,0.13001348
,IndustrialPharmacy,0.19470304
,devilian,Subreddit name not recognized by the word2vec model
,CuckoldPersonals,0.06458286
,cigars,0.01684071
,circlebroke,Subreddit name not recognized by the word2vec model
,cokiethedog,Subreddit name not recognized by the word2vec model
,waterloo,-0.016930355
,selfpublish,Subreddit name not recognized by the word2vec model
,MoviePosterPorn,0.1480399
,BigLawInsider,0.08775635
,swordartonline,Subreddit name not recognized by the word2vec model
,Skullgirls,Subreddit name not recognized by the word2vec model
,lovegaymale,Subreddit name not recognized by the word2vec model
,rocksmith,Subreddit name not recognized by the word2vec model
,MarkisadorALog,0.0758135
,GayChubs,0.18872583
,Dota2Betting,0.11529593
,ButtsAndBareFeet,0.25981426
,pcgamingtechsupport,Subreddit name not recognized by the word2vec model
,Playboy,0.1150599
,Bikeporn,Subreddit name not recognized by the word2vec model
,ImagesOfGeorgia,0.10613889
,chicagojobs,Subreddit name not recognized by the word2vec model
,microgrowery,Subreddit name not recognized by the word2vec model
,PublicFreakout,0.16794464
,TradCatKnight,0.35350138
,TOR,0.45056313
,okearthquakes,Subreddit name not recognized by the word2vec model
,macmartf,Subreddit name not recognized by the word2vec model
,roosterteeth,Subreddit name not recognized by the word2vec model
,nsfw_wtf,Subreddit name not recognized by the word2vec model
,OSU,0.46763378
,TechNewsToday,0.10242997
,officialmiami,Subreddit name not recognized by the word2vec model
,VinesauceVidyas,Subreddit name not recognized by the word2vec model
CuckoldPersonals
,GirlGamers,0.2774487
,anarchy,0.10630757
,10cloverfieldlane,Subreddit name not recognized by the word2vec model
,fordranger,Subreddit name not recognized by the word2vec model
,malegrooming,Subreddit name not recognized by the word2vec model
,Gaming4Gamers,0.1944187
,funvids,Subreddit name not recognized by the word2vec model
,MakeupAddicts,0.17146757
,wacom,0.110654436
,BigBoobsGW,0.17759663
,rosendahl,Subreddit name not recognized by the word2vec model
,DowntonAbbey,0.052731067
,dailycomics,Subreddit name not recognized by the word2vec model
,KerbalAcademy,-0.12203396
,IndustrialPharmacy,-0.036974348
,devilian,Subreddit name not recognized by the word2vec model
,SaraJUnderwood,0.06458286
,cigars,0.10606255
,circlebroke,Subreddit name not recognized by the word2vec model
,cokiethedog,Subreddit name not recognized by the word2vec model
,waterloo,0.23648503
,selfpublish,Subreddit name not recognized by the word2vec model
,MoviePosterPorn,0.17977881
,BigLawInsider,0.103380114
,swordartonline,Subreddit name not recognized by the word2vec model
,Skullgirls,Subreddit name not recognized by the word2vec model
,lovegaymale,Subreddit name not recognized by the word2vec model
,rocksmith,Subreddit name not recognized by the word2vec model
,MarkisadorALog,0.11989563
,GayChubs,0.31027108
,Dota2Betting,0.08706294
,ButtsAndBareFeet,0.1046047
,pcgamingtechsupport,Subreddit name not recognized by the word2vec model
,Playboy,0.38033575
,Bikeporn,Subreddit name not recognized by the word2vec model
,ImagesOfGeorgia,0.102641806
,chicagojobs,Subreddit name not recognized by the word2vec model
,microgrowery,Subreddit name not recognized by the word2vec model
,PublicFreakout,0.016473658
,TradCatKnight,0.17696251
,TOR,0.08490284
,okearthquakes,Subreddit name not recognized by the word2vec model
,macmartf,Subreddit name not recognized by the word2vec model
,roosterteeth,Subreddit name not recognized by the word2vec model
,nsfw_wtf,Subreddit name not recognized by the word2vec model
,OSU,0.09920713
,TechNewsToday,0.11430448
,officialmiami,Subreddit name not recognized by the word2vec model
,VinesauceVidyas,Subreddit name not recognized by the word2vec model
cigars
,GirlGamers,0.04990585
,anarchy,0.01628727
,10cloverfieldlane,Subreddit name not recognized by the word2vec model
,fordranger,Subreddit name not recognized by the word2vec model
,malegrooming,Subreddit name not recognized by the word2vec model
,Gaming4Gamers,0.09209445
,funvids,Subreddit name not recognized by the word2vec model
,MakeupAddicts,0.14761545
,wacom,0.0547192
,BigBoobsGW,0.12981512
,rosendahl,Subreddit name not recognized by the word2vec model
,DowntonAbbey,0.050080378
,dailycomics,Subreddit name not recognized by the word2vec model
,KerbalAcademy,-0.028372865
,IndustrialPharmacy,0.07781945
,devilian,Subreddit name not recognized by the word2vec model
,SaraJUnderwood,0.01684071
,CuckoldPersonals,0.10606255
,circlebroke,Subreddit name not recognized by the word2vec model
,cokiethedog,Subreddit name not recognized by the word2vec model
,waterloo,-0.024211772
,selfpublish,Subreddit name not recognized by the word2vec model
,MoviePosterPorn,0.07350868
,BigLawInsider,0.122450195
,swordartonline,Subreddit name not recognized by the word2vec model
,Skullgirls,Subreddit name not recognized by the word2vec model
,lovegaymale,Subreddit name not recognized by the word2vec model
,rocksmith,Subreddit name not recognized by the word2vec model
,MarkisadorALog,0.05980758
,GayChubs,0.11791119
,Dota2Betting,0.059751492
,ButtsAndBareFeet,0.04535553
,pcgamingtechsupport,Subreddit name not recognized by the word2vec model
,Playboy,0.20211382
,Bikeporn,Subreddit name not recognized by the word2vec model
,ImagesOfGeorgia,0.07168087
,chicagojobs,Subreddit name not recognized by the word2vec model
,microgrowery,Subreddit name not recognized by the word2vec model
,PublicFreakout,0.034345
,TradCatKnight,0.08793534
,TOR,0.0723226
,okearthquakes,Subreddit name not recognized by the word2vec model
,macmartf,Subreddit name not recognized by the word2vec model
,roosterteeth,Subreddit name not recognized by the word2vec model
,nsfw_wtf,Subreddit name not recognized by the word2vec model
,OSU,0.03894828
,TechNewsToday,-0.0047274698
,officialmiami,Subreddit name not recognized by the word2vec model
,VinesauceVidyas,Subreddit name not recognized by the word2vec model
circlebroke
cokiethedog
waterloo
,GirlGamers,0.15074345
,anarchy,0.21047226
,10cloverfieldlane,Subreddit name not recognized by the word2vec model
,fordranger,Subreddit name not recognized by the word2vec model
,malegrooming,Subreddit name not recognized by the word2vec model
,Gaming4Gamers,0.101852655
,funvids,Subreddit name not recognized by the word2vec model
,MakeupAddicts,0.060512677
,wacom,0.15033045
,BigBoobsGW,0.09812464
,rosendahl,Subreddit name not recognized by the word2vec model
,DowntonAbbey,0.083276264
,dailycomics,Subreddit name not recognized by the word2vec model
,KerbalAcademy,0.040848926
,IndustrialPharmacy,0.040606476
,devilian,Subreddit name not recognized by the word2vec model
,SaraJUnderwood,-0.016930355
,CuckoldPersonals,0.23648503
,cigars,-0.024211772
,circlebroke,Subreddit name not recognized by the word2vec model
,cokiethedog,Subreddit name not recognized by the word2vec model
,selfpublish,Subreddit name not recognized by the word2vec model
,MoviePosterPorn,0.05593148
,BigLawInsider,0.058461145
,swordartonline,Subreddit name not recognized by the word2vec model
,Skullgirls,Subreddit name not recognized by the word2vec model
,lovegaymale,Subreddit name not recognized by the word2vec model
,rocksmith,Subreddit name not recognized by the word2vec model
,MarkisadorALog,-0.0069336137
,GayChubs,0.10991727
,Dota2Betting,0.13921195
,ButtsAndBareFeet,0.03939557
,pcgamingtechsupport,Subreddit name not recognized by the word2vec model
,Playboy,0.2187053
,Bikeporn,Subreddit name not recognized by the word2vec model
,ImagesOfGeorgia,-0.08049041
,chicagojobs,Subreddit name not recognized by the word2vec model
,microgrowery,Subreddit name not recognized by the word2vec model
,PublicFreakout,0.090441
,TradCatKnight,-0.04237511
,TOR,0.06285034
,okearthquakes,Subreddit name not recognized by the word2vec model
,macmartf,Subreddit name not recognized by the word2vec model
,roosterteeth,Subreddit name not recognized by the word2vec model
,nsfw_wtf,Subreddit name not recognized by the word2vec model
,OSU,0.1228646
,TechNewsToday,0.03783566
,officialmiami,Subreddit name not recognized by the word2vec model
,VinesauceVidyas,Subreddit name not recognized by the word2vec model
selfpublish
MoviePosterPorn
,GirlGamers,0.353904
,anarchy,0.09651123
,10cloverfieldlane,Subreddit name not recognized by the word2vec model
,fordranger,Subreddit name not recognized by the word2vec model
,malegrooming,Subreddit name not recognized by the word2vec model
,Gaming4Gamers,0.20937192
,funvids,Subreddit name not recognized by the word2vec model
,MakeupAddicts,0.257008
,wacom,0.18325898
,BigBoobsGW,0.38744283
,rosendahl,Subreddit name not recognized by the word2vec model
,DowntonAbbey,0.10477818
,dailycomics,Subreddit name not recognized by the word2vec model
,KerbalAcademy,0.12134153
,IndustrialPharmacy,0.2162256
,devilian,Subreddit name not recognized by the word2vec model
,SaraJUnderwood,0.1480399
,CuckoldPersonals,0.17977881
,cigars,0.07350868
,circlebroke,Subreddit name not recognized by the word2vec model
,cokiethedog,Subreddit name not recognized by the word2vec model
,waterloo,0.05593148
,selfpublish,Subreddit name not recognized by the word2vec model
,BigLawInsider,0.19238716
,swordartonline,Subreddit name not recognized by the word2vec model
,Skullgirls,Subreddit name not recognized by the word2vec model
,lovegaymale,Subreddit name not recognized by the word2vec model
,rocksmith,Subreddit name not recognized by the word2vec model
,MarkisadorALog,0.18021935
,GayChubs,0.28691146
,Dota2Betting,0.31202504
,ButtsAndBareFeet,0.233205
,pcgamingtechsupport,Subreddit name not recognized by the word2vec model
,Playboy,0.16155416
,Bikeporn,Subreddit name not recognized by the word2vec model
,ImagesOfGeorgia,0.14964142
,chicagojobs,Subreddit name not recognized by the word2vec model
,microgrowery,Subreddit name not recognized by the word2vec model
,PublicFreakout,0.37464595
,TradCatKnight,0.2366558
,TOR,0.18480667
,okearthquakes,Subreddit name not recognized by the word2vec model
,macmartf,Subreddit name not recognized by the word2vec model
,roosterteeth,Subreddit name not recognized by the word2vec model
,nsfw_wtf,Subreddit name not recognized by the word2vec model
,OSU,0.15982035
,TechNewsToday,0.18355343
,officialmiami,Subreddit name not recognized by the word2vec model
,VinesauceVidyas,Subreddit name not recognized by the word2vec model
BigLawInsider
,GirlGamers,0.10799851
,anarchy,0.1477255
,10cloverfieldlane,Subreddit name not recognized by the word2vec model
,fordranger,Subreddit name not recognized by the word2vec model
,malegrooming,Subreddit name not recognized by the word2vec model
,Gaming4Gamers,0.124484
,funvids,Subreddit name not recognized by the word2vec model
,MakeupAddicts,0.17998435
,wacom,0.07361942
,BigBoobsGW,0.29430985
,rosendahl,Subreddit name not recognized by the word2vec model
,DowntonAbbey,0.08847813
,dailycomics,Subreddit name not recognized by the word2vec model
,KerbalAcademy,-0.032440126
,IndustrialPharmacy,0.067411594
,devilian,Subreddit name not recognized by the word2vec model
,SaraJUnderwood,0.08775635
,CuckoldPersonals,0.103380114
,cigars,0.122450195
,circlebroke,Subreddit name not recognized by the word2vec model
,cokiethedog,Subreddit name not recognized by the word2vec model
,waterloo,0.058461145
,selfpublish,Subreddit name not recognized by the word2vec model
,MoviePosterPorn,0.19238716
,swordartonline,Subreddit name not recognized by the word2vec model
,Skullgirls,Subreddit name not recognized by the word2vec model
,lovegaymale,Subreddit name not recognized by the word2vec model
,rocksmith,Subreddit name not recognized by the word2vec model
,MarkisadorALog,0.07416996
,GayChubs,0.08193652
,Dota2Betting,0.24402687
,ButtsAndBareFeet,0.043979634
,pcgamingtechsupport,Subreddit name not recognized by the word2vec model
,Playboy,0.2067927
,Bikeporn,Subreddit name not recognized by the word2vec model
,ImagesOfGeorgia,0.05332624
,chicagojobs,Subreddit name not recognized by the word2vec model
,microgrowery,Subreddit name not recognized by the word2vec model
,PublicFreakout,0.09966178
,TradCatKnight,0.13033351
,TOR,-0.0053209197
,okearthquakes,Subreddit name not recognized by the word2vec model
,macmartf,Subreddit name not recognized by the word2vec model
,roosterteeth,Subreddit name not recognized by the word2vec model
,nsfw_wtf,Subreddit name not recognized by the word2vec model
,OSU,0.05343027
,TechNewsToday,0.2142489
,officialmiami,Subreddit name not recognized by the word2vec model
,VinesauceVidyas,Subreddit name not recognized by the word2vec model
swordartonline
Skullgirls
lovegaymale
rocksmith
MarkisadorALog
,GirlGamers,0.14136077
,anarchy,0.08038708
,10cloverfieldlane,Subreddit name not recognized by the word2vec model
,fordranger,Subreddit name not recognized by the word2vec model
,malegrooming,Subreddit name not recognized by the word2vec model
,Gaming4Gamers,0.04985309
,funvids,Subreddit name not recognized by the word2vec model
,MakeupAddicts,0.004649766
,wacom,0.16021039
,BigBoobsGW,0.17481965
,rosendahl,Subreddit name not recognized by the word2vec model
,DowntonAbbey,0.14438382
,dailycomics,Subreddit name not recognized by the word2vec model
,KerbalAcademy,0.11174813
,IndustrialPharmacy,0.08595337
,devilian,Subreddit name not recognized by the word2vec model
,SaraJUnderwood,0.0758135
,CuckoldPersonals,0.11989563
,cigars,0.05980758
,circlebroke,Subreddit name not recognized by the word2vec model
,cokiethedog,Subreddit name not recognized by the word2vec model
,waterloo,-0.0069336137
,selfpublish,Subreddit name not recognized by the word2vec model
,MoviePosterPorn,0.18021935
,BigLawInsider,0.07416996
,swordartonline,Subreddit name not recognized by the word2vec model
,Skullgirls,Subreddit name not recognized by the word2vec model
,lovegaymale,Subreddit name not recognized by the word2vec model
,rocksmith,Subreddit name not recognized by the word2vec model
,GayChubs,0.13645087
,Dota2Betting,0.20172822
,ButtsAndBareFeet,0.14301176
,pcgamingtechsupport,Subreddit name not recognized by the word2vec model
,Playboy,0.013030987
,Bikeporn,Subreddit name not recognized by the word2vec model
,ImagesOfGeorgia,0.11238845
,chicagojobs,Subreddit name not recognized by the word2vec model
,microgrowery,Subreddit name not recognized by the word2vec model
,PublicFreakout,0.18264295
,TradCatKnight,0.18735582
,TOR,0.20814955
,okearthquakes,Subreddit name not recognized by the word2vec model
,macmartf,Subreddit name not recognized by the word2vec model
,roosterteeth,Subreddit name not recognized by the word2vec model
,nsfw_wtf,Subreddit name not recognized by the word2vec model
,OSU,0.19937083
,TechNewsToday,0.19536448
,officialmiami,Subreddit name not recognized by the word2vec model
,VinesauceVidyas,Subreddit name not recognized by the word2vec model
GayChubs
,GirlGamers,0.26235956
,anarchy,0.06148781
,10cloverfieldlane,Subreddit name not recognized by the word2vec model
,fordranger,Subreddit name not recognized by the word2vec model
,malegrooming,Subreddit name not recognized by the word2vec model
,Gaming4Gamers,0.11730757
,funvids,Subreddit name not recognized by the word2vec model
,MakeupAddicts,0.08099804
,wacom,0.046853945
,BigBoobsGW,0.32003888
,rosendahl,Subreddit name not recognized by the word2vec model
,DowntonAbbey,0.1202025
,dailycomics,Subreddit name not recognized by the word2vec model
,KerbalAcademy,-0.029053487
,IndustrialPharmacy,0.07524295
,devilian,Subreddit name not recognized by the word2vec model
,SaraJUnderwood,0.18872583
,CuckoldPersonals,0.31027108
,cigars,0.11791119
,circlebroke,Subreddit name not recognized by the word2vec model
,cokiethedog,Subreddit name not recognized by the word2vec model
,waterloo,0.10991727
,selfpublish,Subreddit name not recognized by the word2vec model
,MoviePosterPorn,0.28691146
,BigLawInsider,0.08193652
,swordartonline,Subreddit name not recognized by the word2vec model
,Skullgirls,Subreddit name not recognized by the word2vec model
,lovegaymale,Subreddit name not recognized by the word2vec model
,rocksmith,Subreddit name not recognized by the word2vec model
,MarkisadorALog,0.13645087
,Dota2Betting,0.18380144
,ButtsAndBareFeet,0.3446337
,pcgamingtechsupport,Subreddit name not recognized by the word2vec model
,Playboy,0.10570665
,Bikeporn,Subreddit name not recognized by the word2vec model
,ImagesOfGeorgia,0.10722485
,chicagojobs,Subreddit name not recognized by the word2vec model
,microgrowery,Subreddit name not recognized by the word2vec model
,PublicFreakout,0.2902272
,TradCatKnight,0.30797845
,TOR,0.11277146
,okearthquakes,Subreddit name not recognized by the word2vec model
,macmartf,Subreddit name not recognized by the word2vec model
,roosterteeth,Subreddit name not recognized by the word2vec model
,nsfw_wtf,Subreddit name not recognized by the word2vec model
,OSU,0.13043436
,TechNewsToday,0.08346628
,officialmiami,Subreddit name not recognized by the word2vec model
,VinesauceVidyas,Subreddit name not recognized by the word2vec model
Dota2Betting
,GirlGamers,0.31750447
,anarchy,0.076210506
,10cloverfieldlane,Subreddit name not recognized by the word2vec model
,fordranger,Subreddit name not recognized by the word2vec model
,malegrooming,Subreddit name not recognized by the word2vec model
,Gaming4Gamers,0.36934894
,funvids,Subreddit name not recognized by the word2vec model
,MakeupAddicts,0.15446568
,wacom,0.11753963
,BigBoobsGW,0.21810423
,rosendahl,Subreddit name not recognized by the word2vec model
,DowntonAbbey,0.09675354
,dailycomics,Subreddit name not recognized by the word2vec model
,KerbalAcademy,0.069630876
,IndustrialPharmacy,0.06694931
,devilian,Subreddit name not recognized by the word2vec model
,SaraJUnderwood,0.11529593
,CuckoldPersonals,0.08706294
,cigars,0.059751492
,circlebroke,Subreddit name not recognized by the word2vec model
,cokiethedog,Subreddit name not recognized by the word2vec model
,waterloo,0.13921195
,selfpublish,Subreddit name not recognized by the word2vec model
,MoviePosterPorn,0.31202504
,BigLawInsider,0.24402687
,swordartonline,Subreddit name not recognized by the word2vec model
,Skullgirls,Subreddit name not recognized by the word2vec model
,lovegaymale,Subreddit name not recognized by the word2vec model
,rocksmith,Subreddit name not recognized by the word2vec model
,MarkisadorALog,0.20172822
,GayChubs,0.18380144
,ButtsAndBareFeet,0.1724307
,pcgamingtechsupport,Subreddit name not recognized by the word2vec model
,Playboy,0.10858256
,Bikeporn,Subreddit name not recognized by the word2vec model
,ImagesOfGeorgia,-0.031906348
,chicagojobs,Subreddit name not recognized by the word2vec model
,microgrowery,Subreddit name not recognized by the word2vec model
,PublicFreakout,0.2074387
,TradCatKnight,0.24518749
,TOR,0.08503462
,okearthquakes,Subreddit name not recognized by the word2vec model
,macmartf,Subreddit name not recognized by the word2vec model
,roosterteeth,Subreddit name not recognized by the word2vec model
,nsfw_wtf,Subreddit name not recognized by the word2vec model
,OSU,0.14883476
,TechNewsToday,0.17029855
,officialmiami,Subreddit name not recognized by the word2vec model
,VinesauceVidyas,Subreddit name not recognized by the word2vec model
ButtsAndBareFeet
,GirlGamers,0.27295595
,anarchy,0.02299006
,10cloverfieldlane,Subreddit name not recognized by the word2vec model
,fordranger,Subreddit name not recognized by the word2vec model
,malegrooming,Subreddit name not recognized by the word2vec model
,Gaming4Gamers,0.051622286
,funvids,Subreddit name not recognized by the word2vec model
,MakeupAddicts,0.10176997
,wacom,0.043660827
,BigBoobsGW,0.3140186
,rosendahl,Subreddit name not recognized by the word2vec model
,DowntonAbbey,0.23476356
,dailycomics,Subreddit name not recognized by the word2vec model
,KerbalAcademy,0.0832258
,IndustrialPharmacy,0.06180376
,devilian,Subreddit name not recognized by the word2vec model
,SaraJUnderwood,0.25981426
,CuckoldPersonals,0.1046047
,cigars,0.04535553
,circlebroke,Subreddit name not recognized by the word2vec model
,cokiethedog,Subreddit name not recognized by the word2vec model
,waterloo,0.03939557
,selfpublish,Subreddit name not recognized by the word2vec model
,MoviePosterPorn,0.233205
,BigLawInsider,0.043979634
,swordartonline,Subreddit name not recognized by the word2vec model
,Skullgirls,Subreddit name not recognized by the word2vec model
,lovegaymale,Subreddit name not recognized by the word2vec model
,rocksmith,Subreddit name not recognized by the word2vec model
,MarkisadorALog,0.14301176
,GayChubs,0.3446337
,Dota2Betting,0.1724307
,pcgamingtechsupport,Subreddit name not recognized by the word2vec model
,Playboy,-0.00795343
,Bikeporn,Subreddit name not recognized by the word2vec model
,ImagesOfGeorgia,0.12710828
,chicagojobs,Subreddit name not recognized by the word2vec model
,microgrowery,Subreddit name not recognized by the word2vec model
,PublicFreakout,0.18200198
,TradCatKnight,0.36011624
,TOR,0.14766166
,okearthquakes,Subreddit name not recognized by the word2vec model
,macmartf,Subreddit name not recognized by the word2vec model
,roosterteeth,Subreddit name not recognized by the word2vec model
,nsfw_wtf,Subreddit name not recognized by the word2vec model
,OSU,0.14942788
,TechNewsToday,0.070485085
,officialmiami,Subreddit name not recognized by the word2vec model
,VinesauceVidyas,Subreddit name not recognized by the word2vec model
pcgamingtechsupport
Playboy
,GirlGamers,0.24171704
,anarchy,0.16941944
,10cloverfieldlane,Subreddit name not recognized by the word2vec model
,fordranger,Subreddit name not recognized by the word2vec model
,malegrooming,Subreddit name not recognized by the word2vec model
,Gaming4Gamers,0.16158402
,funvids,Subreddit name not recognized by the word2vec model
,MakeupAddicts,0.17450874
,wacom,0.016926672
,BigBoobsGW,0.14199097
,rosendahl,Subreddit name not recognized by the word2vec model
,DowntonAbbey,0.053891085
,dailycomics,Subreddit name not recognized by the word2vec model
,KerbalAcademy,0.03733685
,IndustrialPharmacy,-0.017908156
,devilian,Subreddit name not recognized by the word2vec model
,SaraJUnderwood,0.1150599
,CuckoldPersonals,0.38033575
,cigars,0.20211382
,circlebroke,Subreddit name not recognized by the word2vec model
,cokiethedog,Subreddit name not recognized by the word2vec model
,waterloo,0.2187053
,selfpublish,Subreddit name not recognized by the word2vec model
,MoviePosterPorn,0.16155416
,BigLawInsider,0.2067927
,swordartonline,Subreddit name not recognized by the word2vec model
,Skullgirls,Subreddit name not recognized by the word2vec model
,lovegaymale,Subreddit name not recognized by the word2vec model
,rocksmith,Subreddit name not recognized by the word2vec model
,MarkisadorALog,0.013030987
,GayChubs,0.10570665
,Dota2Betting,0.10858256
,ButtsAndBareFeet,-0.00795343
,pcgamingtechsupport,Subreddit name not recognized by the word2vec model
,Bikeporn,Subreddit name not recognized by the word2vec model
,ImagesOfGeorgia,0.06711341
,chicagojobs,Subreddit name not recognized by the word2vec model
,microgrowery,Subreddit name not recognized by the word2vec model
,PublicFreakout,0.011434956
,TradCatKnight,0.0796213
,TOR,0.04186597
,okearthquakes,Subreddit name not recognized by the word2vec model
,macmartf,Subreddit name not recognized by the word2vec model
,roosterteeth,Subreddit name not recognized by the word2vec model
,nsfw_wtf,Subreddit name not recognized by the word2vec model
,OSU,0.07657785
,TechNewsToday,-0.020365002
,officialmiami,Subreddit name not recognized by the word2vec model
,VinesauceVidyas,Subreddit name not recognized by the word2vec model
Bikeporn
ImagesOfGeorgia
,GirlGamers,0.16963267
,anarchy,0.07270126
,10cloverfieldlane,Subreddit name not recognized by the word2vec model
,fordranger,Subreddit name not recognized by the word2vec model
,malegrooming,Subreddit name not recognized by the word2vec model
,Gaming4Gamers,0.11794699
,funvids,Subreddit name not recognized by the word2vec model
,MakeupAddicts,0.15992111
,wacom,0.09236843
,BigBoobsGW,0.053792972
,rosendahl,Subreddit name not recognized by the word2vec model
,DowntonAbbey,0.0040053725
,dailycomics,Subreddit name not recognized by the word2vec model
,KerbalAcademy,0.08038252
,IndustrialPharmacy,0.0117498785
,devilian,Subreddit name not recognized by the word2vec model
,SaraJUnderwood,0.10613889
,CuckoldPersonals,0.102641806
,cigars,0.07168087
,circlebroke,Subreddit name not recognized by the word2vec model
,cokiethedog,Subreddit name not recognized by the word2vec model
,waterloo,-0.08049041
,selfpublish,Subreddit name not recognized by the word2vec model
,MoviePosterPorn,0.14964142
,BigLawInsider,0.05332624
,swordartonline,Subreddit name not recognized by the word2vec model
,Skullgirls,Subreddit name not recognized by the word2vec model
,lovegaymale,Subreddit name not recognized by the word2vec model
,rocksmith,Subreddit name not recognized by the word2vec model
,MarkisadorALog,0.11238845
,GayChubs,0.10722485
,Dota2Betting,-0.031906348
,ButtsAndBareFeet,0.12710828
,pcgamingtechsupport,Subreddit name not recognized by the word2vec model
,Playboy,0.06711341
,Bikeporn,Subreddit name not recognized by the word2vec model
,chicagojobs,Subreddit name not recognized by the word2vec model
,microgrowery,Subreddit name not recognized by the word2vec model
,PublicFreakout,0.06521043
,TradCatKnight,0.06599999
,TOR,0.058841243
,okearthquakes,Subreddit name not recognized by the word2vec model
,macmartf,Subreddit name not recognized by the word2vec model
,roosterteeth,Subreddit name not recognized by the word2vec model
,nsfw_wtf,Subreddit name not recognized by the word2vec model
,OSU,0.033108547
,TechNewsToday,0.17247894
,officialmiami,Subreddit name not recognized by the word2vec model
,VinesauceVidyas,Subreddit name not recognized by the word2vec model
chicagojobs
microgrowery
PublicFreakout
,GirlGamers,0.20196843
,anarchy,0.1224957
,10cloverfieldlane,Subreddit name not recognized by the word2vec model
,fordranger,Subreddit name not recognized by the word2vec model
,malegrooming,Subreddit name not recognized by the word2vec model
,Gaming4Gamers,0.057858653
,funvids,Subreddit name not recognized by the word2vec model
,MakeupAddicts,0.109223254
,wacom,0.08490613
,BigBoobsGW,0.21428697
,rosendahl,Subreddit name not recognized by the word2vec model
,DowntonAbbey,0.1425624
,dailycomics,Subreddit name not recognized by the word2vec model
,KerbalAcademy,0.08869016
,IndustrialPharmacy,0.30798832
,devilian,Subreddit name not recognized by the word2vec model
,SaraJUnderwood,0.16794464
,CuckoldPersonals,0.016473658
,cigars,0.034345
,circlebroke,Subreddit name not recognized by the word2vec model
,cokiethedog,Subreddit name not recognized by the word2vec model
,waterloo,0.090441
,selfpublish,Subreddit name not recognized by the word2vec model
,MoviePosterPorn,0.37464595
,BigLawInsider,0.09966178
,swordartonline,Subreddit name not recognized by the word2vec model
,Skullgirls,Subreddit name not recognized by the word2vec model
,lovegaymale,Subreddit name not recognized by the word2vec model
,rocksmith,Subreddit name not recognized by the word2vec model
,MarkisadorALog,0.18264295
,GayChubs,0.2902272
,Dota2Betting,0.2074387
,ButtsAndBareFeet,0.18200198
,pcgamingtechsupport,Subreddit name not recognized by the word2vec model
,Playboy,0.011434956
,Bikeporn,Subreddit name not recognized by the word2vec model
,ImagesOfGeorgia,0.06521043
,chicagojobs,Subreddit name not recognized by the word2vec model
,microgrowery,Subreddit name not recognized by the word2vec model
,TradCatKnight,0.2952937
,TOR,0.10143846
,okearthquakes,Subreddit name not recognized by the word2vec model
,macmartf,Subreddit name not recognized by the word2vec model
,roosterteeth,Subreddit name not recognized by the word2vec model
,nsfw_wtf,Subreddit name not recognized by the word2vec model
,OSU,0.11843781
,TechNewsToday,0.21435755
,officialmiami,Subreddit name not recognized by the word2vec model
,VinesauceVidyas,Subreddit name not recognized by the word2vec model
TradCatKnight
,GirlGamers,0.2893004
,anarchy,0.032479532
,10cloverfieldlane,Subreddit name not recognized by the word2vec model
,fordranger,Subreddit name not recognized by the word2vec model
,malegrooming,Subreddit name not recognized by the word2vec model
,Gaming4Gamers,0.1059096
,funvids,Subreddit name not recognized by the word2vec model
,MakeupAddicts,0.09648462
,wacom,0.039567407
,BigBoobsGW,0.29195333
,rosendahl,Subreddit name not recognized by the word2vec model
,DowntonAbbey,0.25308436
,dailycomics,Subreddit name not recognized by the word2vec model
,KerbalAcademy,0.035273366
,IndustrialPharmacy,0.11786078
,devilian,Subreddit name not recognized by the word2vec model
,SaraJUnderwood,0.35350138
,CuckoldPersonals,0.17696251
,cigars,0.08793534
,circlebroke,Subreddit name not recognized by the word2vec model
,cokiethedog,Subreddit name not recognized by the word2vec model
,waterloo,-0.04237511
,selfpublish,Subreddit name not recognized by the word2vec model
,MoviePosterPorn,0.2366558
,BigLawInsider,0.13033351
,swordartonline,Subreddit name not recognized by the word2vec model
,Skullgirls,Subreddit name not recognized by the word2vec model
,lovegaymale,Subreddit name not recognized by the word2vec model
,rocksmith,Subreddit name not recognized by the word2vec model
,MarkisadorALog,0.18735582
,GayChubs,0.30797845
,Dota2Betting,0.24518749
,ButtsAndBareFeet,0.36011624
,pcgamingtechsupport,Subreddit name not recognized by the word2vec model
,Playboy,0.0796213
,Bikeporn,Subreddit name not recognized by the word2vec model
,ImagesOfGeorgia,0.06599999
,chicagojobs,Subreddit name not recognized by the word2vec model
,microgrowery,Subreddit name not recognized by the word2vec model
,PublicFreakout,0.2952937
,TOR,0.26959518
,okearthquakes,Subreddit name not recognized by the word2vec model
,macmartf,Subreddit name not recognized by the word2vec model
,roosterteeth,Subreddit name not recognized by the word2vec model
,nsfw_wtf,Subreddit name not recognized by the word2vec model
,OSU,0.26842785
,TechNewsToday,0.23807849
,officialmiami,Subreddit name not recognized by the word2vec model
,VinesauceVidyas,Subreddit name not recognized by the word2vec model
TOR
,GirlGamers,0.08950895
,anarchy,-0.055048443
,10cloverfieldlane,Subreddit name not recognized by the word2vec model
,fordranger,Subreddit name not recognized by the word2vec model
,malegrooming,Subreddit name not recognized by the word2vec model
,Gaming4Gamers,0.063883826
,funvids,Subreddit name not recognized by the word2vec model
,MakeupAddicts,0.045979895
,wacom,0.124395914
,BigBoobsGW,0.5411036
,rosendahl,Subreddit name not recognized by the word2vec model
,DowntonAbbey,0.057281304
,dailycomics,Subreddit name not recognized by the word2vec model
,KerbalAcademy,0.023284316
,IndustrialPharmacy,0.15218538
,devilian,Subreddit name not recognized by the word2vec model
,SaraJUnderwood,0.45056313
,CuckoldPersonals,0.08490284
,cigars,0.0723226
,circlebroke,Subreddit name not recognized by the word2vec model
,cokiethedog,Subreddit name not recognized by the word2vec model
,waterloo,0.06285034
,selfpublish,Subreddit name not recognized by the word2vec model
,MoviePosterPorn,0.18480667
,BigLawInsider,-0.0053209197
,swordartonline,Subreddit name not recognized by the word2vec model
,Skullgirls,Subreddit name not recognized by the word2vec model
,lovegaymale,Subreddit name not recognized by the word2vec model
,rocksmith,Subreddit name not recognized by the word2vec model
,MarkisadorALog,0.20814955
,GayChubs,0.11277146
,Dota2Betting,0.08503462
,ButtsAndBareFeet,0.14766166
,pcgamingtechsupport,Subreddit name not recognized by the word2vec model
,Playboy,0.04186597
,Bikeporn,Subreddit name not recognized by the word2vec model
,ImagesOfGeorgia,0.058841243
,chicagojobs,Subreddit name not recognized by the word2vec model
,microgrowery,Subreddit name not recognized by the word2vec model
,PublicFreakout,0.10143846
,TradCatKnight,0.26959518
,okearthquakes,Subreddit name not recognized by the word2vec model
,macmartf,Subreddit name not recognized by the word2vec model
,roosterteeth,Subreddit name not recognized by the word2vec model
,nsfw_wtf,Subreddit name not recognized by the word2vec model
,OSU,0.7796974
,TechNewsToday,0.16029844
,officialmiami,Subreddit name not recognized by the word2vec model
,VinesauceVidyas,Subreddit name not recognized by the word2vec model
okearthquakes
macmartf
roosterteeth
nsfw_wtf
OSU
,GirlGamers,0.099953674
,anarchy,-0.013535909
,10cloverfieldlane,Subreddit name not recognized by the word2vec model
,fordranger,Subreddit name not recognized by the word2vec model
,malegrooming,Subreddit name not recognized by the word2vec model
,Gaming4Gamers,0.023558632
,funvids,Subreddit name not recognized by the word2vec model
,MakeupAddicts,0.0019536242
,wacom,0.10179064
,BigBoobsGW,0.5947398
,rosendahl,Subreddit name not recognized by the word2vec model
,DowntonAbbey,0.087223336
,dailycomics,Subreddit name not recognized by the word2vec model
,KerbalAcademy,0.024403203
,IndustrialPharmacy,0.12277213
,devilian,Subreddit name not recognized by the word2vec model
,SaraJUnderwood,0.46763378
,CuckoldPersonals,0.09920713
,cigars,0.03894828
,circlebroke,Subreddit name not recognized by the word2vec model
,cokiethedog,Subreddit name not recognized by the word2vec model
,waterloo,0.1228646
,selfpublish,Subreddit name not recognized by the word2vec model
,MoviePosterPorn,0.15982035
,BigLawInsider,0.05343027
,swordartonline,Subreddit name not recognized by the word2vec model
,Skullgirls,Subreddit name not recognized by the word2vec model
,lovegaymale,Subreddit name not recognized by the word2vec model
,rocksmith,Subreddit name not recognized by the word2vec model
,MarkisadorALog,0.19937083
,GayChubs,0.13043436
,Dota2Betting,0.14883476
,ButtsAndBareFeet,0.14942788
,pcgamingtechsupport,Subreddit name not recognized by the word2vec model
,Playboy,0.07657785
,Bikeporn,Subreddit name not recognized by the word2vec model
,ImagesOfGeorgia,0.033108547
,chicagojobs,Subreddit name not recognized by the word2vec model
,microgrowery,Subreddit name not recognized by the word2vec model
,PublicFreakout,0.11843781
,TradCatKnight,0.26842785
,TOR,0.7796974
,okearthquakes,Subreddit name not recognized by the word2vec model
,macmartf,Subreddit name not recognized by the word2vec model
,roosterteeth,Subreddit name not recognized by the word2vec model
,nsfw_wtf,Subreddit name not recognized by the word2vec model
,TechNewsToday,0.16490877
,officialmiami,Subreddit name not recognized by the word2vec model
,VinesauceVidyas,Subreddit name not recognized by the word2vec model
TechNewsToday
,GirlGamers,0.11403648
,anarchy,0.027637776
,10cloverfieldlane,Subreddit name not recognized by the word2vec model
,fordranger,Subreddit name not recognized by the word2vec model
,malegrooming,Subreddit name not recognized by the word2vec model
,Gaming4Gamers,0.108297326
,funvids,Subreddit name not recognized by the word2vec model
,MakeupAddicts,0.1151376
,wacom,0.04889092
,BigBoobsGW,0.14868891
,rosendahl,Subreddit name not recognized by the word2vec model
,DowntonAbbey,0.0031073755
,dailycomics,Subreddit name not recognized by the word2vec model
,KerbalAcademy,0.10951638
,IndustrialPharmacy,0.26827282
,devilian,Subreddit name not recognized by the word2vec model
,SaraJUnderwood,0.10242997
,CuckoldPersonals,0.11430448
,cigars,-0.0047274698
,circlebroke,Subreddit name not recognized by the word2vec model
,cokiethedog,Subreddit name not recognized by the word2vec model
,waterloo,0.03783566
,selfpublish,Subreddit name not recognized by the word2vec model
,MoviePosterPorn,0.18355343
,BigLawInsider,0.2142489
,swordartonline,Subreddit name not recognized by the word2vec model
,Skullgirls,Subreddit name not recognized by the word2vec model
,lovegaymale,Subreddit name not recognized by the word2vec model
,rocksmith,Subreddit name not recognized by the word2vec model
,MarkisadorALog,0.19536448
,GayChubs,0.08346628
,Dota2Betting,0.17029855
,ButtsAndBareFeet,0.070485085
,pcgamingtechsupport,Subreddit name not recognized by the word2vec model
,Playboy,-0.020365002
,Bikeporn,Subreddit name not recognized by the word2vec model
,ImagesOfGeorgia,0.17247894
,chicagojobs,Subreddit name not recognized by the word2vec model
,microgrowery,Subreddit name not recognized by the word2vec model
,PublicFreakout,0.21435755
,TradCatKnight,0.23807849
,TOR,0.16029844
,okearthquakes,Subreddit name not recognized by the word2vec model
,macmartf,Subreddit name not recognized by the word2vec model
,roosterteeth,Subreddit name not recognized by the word2vec model
,nsfw_wtf,Subreddit name not recognized by the word2vec model
,OSU,0.16490877
,officialmiami,Subreddit name not recognized by the word2vec model
,VinesauceVidyas,Subreddit name not recognized by the word2vec model
officialmiami
VinesauceVidyas
