t1_subreddit,t2_subreddit,NumOverlaps
reddit.com,tr,1
reddit.com,request,3
reddit.com,programming,5
reddit.com,nsfw,3
reddit.com,features,7
reddit.com,de,4
reddit.com,ru,1
reddit.com,id,1
reddit.com,pl,1
tr,reddit.com,1
tr,request,1
tr,programming,1
request,reddit.com,3
request,tr,1
request,programming,1
programming,reddit.com,5
programming,tr,1
programming,request,1
programming,features,1
nsfw,reddit.com,3
nsfw,features,1
features,nsfw,1
features,reddit.com,7
features,programming,1
de,reddit.com,4
de,es,1
ru,reddit.com,1
id,reddit.com,1
pl,reddit.com,1
es,de,1
